index,County,(To sort by county and year),(To sort by year and county),Year,State and County FIPS Code,Alzheimer's Disease/Dementia Prevalence (%),Arthritis Prevalence (%),Asthma Prevalence (%),Atrial Fibrillation Prevalence (%),Autism Spectrum Disorders Prevalence (%),COPD Prevalence (%),Cancer Prevalence (%),Chronic Kidney Disease Prevalence (%),Depression  Prevalence (%),Diabetes Prevalence (%),HIV/AIDS Prevalence (%),Heart Failure Prevalence (%),Hepatitis (Chronic Viral B & C) Prevalence (%),Hyperlipidemia Prevalence (%),Hypertension Prevalence (%),Ischemic Heart Disease Prevalence (%),Osteoporosis Prevalence (%),Schizophrenia/Other Psychotic Disorders Prevalence (%),Stroke Prevalence (%)
0,STATE TOTAL,0.2007,2007,2007,.,9.1,20.3,3.5,7.7,0.1,8.5,7.1,10.0,11.6,20.9,0.3,13.6,0.8,32.5,42.1,21.7,4.9,2.9,3.2
1,ADAMS,530012007.0,200753001,2007,53001,8.8,21.4,3.2,7.3,0.0,9.1,6.7,10.1,11.4,25.8,,14.8,,37.6,47.8,26.8,4.2,1.4,2.6
2,ASOTIN,530032007.0,200753003,2007,53003,11.0,25.0,3.8,8.0,0.0,10.6,8.8,9.9,10.3,23.3,,16.2,0.4,37.6,43.9,27.6,5.6,2.4,3.3
3,BENTON,530052007.0,200753005,2007,53005,10.5,22.7,4.2,6.9,,10.1,7.9,9.5,11.4,24.9,0.1,13.2,0.6,41.9,46.8,26.9,5.7,2.4,4.4
4,CHELAN,530072007.0,200753007,2007,53007,8.6,19.9,3.0,8.4,,7.7,7.2,8.9,12.3,19.3,,10.9,0.6,32.3,40.4,19.0,3.9,1.9,3.1
5,CLALLAM,530092007.0,200753009,2007,53009,7.5,24.3,3.5,8.0,,8.2,6.9,6.4,9.3,19.1,0.1,12.5,0.7,32.1,40.2,21.4,5.4,2.3,3.0
6,CLARK,530112007.0,200753011,2007,53011,9.1,16.4,3.8,7.3,0.1,8.5,6.2,10.4,12.7,20.9,0.2,13.5,0.7,27.9,39.1,19.6,3.6,3.4,3.3
7,COLUMBIA,530132007.0,200753013,2007,53013,8.5,19.9,4.0,5.9,0.0,12.1,7.9,9.2,12.2,23.3,,16.7,0.0,32.5,43.0,27.8,3.7,3.8,2.7
8,COWLITZ,530152007.0,200753015,2007,53015,8.8,20.6,4.7,8.5,,12.5,6.3,11.7,13.9,22.7,0.3,16.7,0.6,31.9,43.3,22.5,4.6,4.0,3.1
9,DOUGLAS,530172007.0,200753017,2007,53017,10.1,23.5,2.7,8.9,0.0,9.4,8.4,10.0,14.4,20.8,,13.2,0.4,36.6,44.1,21.0,4.8,2.3,3.5
10,FERRY,530192007.0,200753019,2007,53019,4.9,14.8,2.6,4.9,0.0,12.1,5.2,6.4,6.8,17.4,,12.4,,20.5,28.2,21.9,3.4,2.1,2.3
11,FRANKLIN,530212007.0,200753021,2007,53021,9.2,20.4,4.3,6.7,,10.5,7.1,10.4,11.0,27.1,,12.5,0.7,42.4,44.1,26.7,4.6,2.4,4.5
12,GARFIELD,530232007.0,200753023,2007,53023,15.4,28.1,4.1,8.8,0.0,9.6,10.7,13.1,10.5,24.6,,17.6,,49.5,50.3,31.3,4.7,2.4,3.8
13,GRANT,530252007.0,200753025,2007,53025,9.2,24.7,3.0,7.4,,10.0,6.9,9.8,11.6,26.1,0.2,14.5,0.4,33.1,43.1,22.7,3.8,2.3,3.0
14,GRAYS HARBOR,530272007.0,200753027,2007,53027,7.9,20.0,4.0,8.2,0.1,11.4,6.3,10.2,12.0,24.0,0.1,16.8,0.7,37.7,48.3,26.1,4.0,2.6,3.6
15,ISLAND,530292007.0,200753029,2007,53029,7.6,21.4,2.9,8.1,,7.3,7.9,8.1,10.6,18.8,0.2,12.3,0.4,35.5,42.4,20.6,4.3,1.9,2.8
16,JEFFERSON,530312007.0,200753031,2007,53031,6.9,16.9,2.6,8.7,,6.0,7.2,7.2,9.1,15.9,0.2,12.7,0.5,32.6,41.1,18.3,3.4,1.3,3.1
17,KING,530332007.0,200753033,2007,53033,10.0,18.9,3.3,7.4,0.1,6.7,7.1,10.6,11.4,19.1,0.6,12.2,1.0,30.3,40.5,20.9,5.0,3.5,3.1
18,KITSAP,530352007.0,200753035,2007,53035,9.5,19.2,4.1,8.5,0.1,8.3,7.2,10.1,11.6,21.1,0.2,15.9,0.5,33.9,46.1,20.1,4.4,2.6,3.2
19,KITTITAS,530372007.0,200753037,2007,53037,7.3,20.0,2.2,7.5,,7.1,6.9,7.2,8.6,18.4,,11.2,0.5,34.4,36.9,20.2,3.8,2.4,2.5
20,KLICKITAT,530392007.0,200753039,2007,53039,7.0,15.7,2.9,6.7,,7.5,6.6,6.7,8.3,20.4,,14.7,0.5,28.9,32.9,17.9,3.2,2.0,2.8
21,LEWIS,530412007.0,200753041,2007,53041,8.3,18.8,2.5,7.3,,9.5,6.8,8.9,10.8,21.2,0.2,16.1,0.6,30.6,39.0,20.8,4.7,1.8,3.1
22,LINCOLN,530432007.0,200753043,2007,53043,9.4,26.2,3.5,9.0,0.0,11.3,7.4,11.7,10.6,23.3,,14.1,,33.8,43.6,26.4,6.5,1.5,3.9
23,MASON,530452007.0,200753045,2007,53045,6.6,20.7,2.9,8.2,,8.0,7.2,7.9,9.2,20.2,0.2,13.9,0.7,32.5,40.4,22.6,3.2,1.6,3.1
24,OKANOGAN,530472007.0,200753047,2007,53047,7.8,20.3,2.6,7.4,,9.0,6.5,8.5,11.0,20.6,0.3,13.2,0.6,32.2,37.6,21.7,3.6,1.8,2.7
25,PACIFIC,530492007.0,200753049,2007,53049,7.4,21.4,2.7,9.1,,10.8,7.1,8.7,10.1,23.4,,15.4,0.8,34.9,47.6,24.6,4.2,2.0,3.3
26,PEND OREILLE,530512007.0,200753051,2007,53051,6.2,19.4,2.2,6.3,0.0,9.7,6.1,8.8,10.7,22.2,,13.0,0.8,27.7,34.7,22.6,4.7,2.0,2.9
27,PIERCE,530532007.0,200753053,2007,53053,8.7,21.7,3.9,7.1,0.1,10.1,6.7,11.0,12.2,22.0,0.2,14.8,0.8,34.0,45.5,21.2,5.6,3.3,3.4
28,SAN JUAN,530552007.0,200753055,2007,53055,7.8,18.0,3.5,9.0,,5.1,8.0,5.8,10.6,12.5,,9.7,0.9,32.2,36.7,17.9,3.8,1.2,2.2
29,SKAGIT,530572007.0,200753057,2007,53057,8.6,19.3,3.1,9.1,0.1,7.6,7.5,8.5,12.8,19.8,0.1,12.2,0.7,33.2,44.2,20.4,4.3,2.7,2.8
30,SKAMANIA,530592007.0,200753059,2007,53059,7.2,12.0,1.5,6.9,,6.5,6.5,7.6,9.0,19.5,0.0,14.2,,22.3,37.0,16.5,1.8,1.5,2.4
31,SNOHOMISH,530612007.0,200753061,2007,53061,9.1,19.8,3.4,7.9,0.1,7.7,6.9,10.9,12.1,21.4,0.2,12.6,0.9,30.4,40.4,20.6,4.4,2.8,3.1
32,SPOKANE,530632007.0,200753063,2007,53063,9.9,22.1,3.4,7.8,0.1,9.7,7.1,10.8,12.4,20.6,0.2,13.1,0.7,34.2,42.4,21.8,6.4,3.3,3.4
33,STEVENS,530652007.0,200753065,2007,53065,6.7,21.9,3.0,6.9,0.0,11.3,6.5,7.5,8.3,20.6,,13.2,0.5,25.3,33.6,23.4,5.0,2.0,3.3
34,THURSTON,530672007.0,200753067,2007,53067,9.2,20.8,3.7,6.7,0.1,8.2,6.2,9.1,11.8,19.7,0.2,13.9,0.7,27.9,37.2,20.8,4.5,3.1,2.8
35,WAHKIAKUM,530692007.0,200753069,2007,53069,5.7,19.0,4.4,8.0,0.0,10.1,5.7,8.8,9.8,20.5,,15.1,,23.9,36.9,20.7,3.8,3.1,2.6
36,WALLA WALLA,530712007.0,200753071,2007,53071,11.4,20.8,4.6,8.6,,8.7,8.9,8.5,11.6,20.8,,16.2,0.5,33.6,43.7,22.6,5.9,2.5,2.8
37,WHATCOM,530732007.0,200753073,2007,53073,8.9,18.1,3.8,9.2,0.1,8.1,7.4,9.3,12.9,20.3,0.3,13.4,1.4,33.9,43.6,23.7,5.2,3.4,3.2
38,WHITMAN,530752007.0,200753075,2007,53075,8.1,27.8,6.7,8.0,,9.3,7.4,11.8,8.9,21.5,,17.3,0.4,32.1,44.2,24.7,5.0,2.8,3.8
39,YAKIMA,530772007.0,200753077,2007,53077,8.9,20.6,3.6,7.8,0.1,9.6,7.7,10.4,11.4,25.4,0.2,16.4,0.6,36.3,46.0,25.0,4.7,2.6,3.2
40,STATE TOTAL,0.2008,2008,2008,.,9.2,20.6,3.6,7.6,0.1,8.4,7.0,10.7,12.1,21.3,0.3,13.2,0.8,33.3,42.9,21.3,5.2,3.0,3.2
41,ADAMS,530012008.0,200853001,2008,53001,9.4,23.6,3.0,7.2,0.0,8.6,6.7,12.3,12.4,27.5,,14.2,,39.0,51.3,27.6,5.0,1.5,3.0
42,ASOTIN,530032008.0,200853003,2008,53003,10.6,25.5,4.0,8.1,0.0,10.4,8.9,10.6,10.7,24.0,,16.8,0.4,36.5,45.0,25.3,5.6,2.2,3.4
43,BENTON,530052008.0,200853005,2008,53005,11.4,23.3,4.4,7.0,0.1,10.5,8.0,10.8,13.0,25.7,0.1,12.8,0.6,42.8,48.2,26.5,6.3,2.6,4.4
44,CHELAN,530072008.0,200853007,2008,53007,8.8,21.0,3.4,8.3,,7.4,7.7,9.2,13.4,19.8,,10.4,0.8,33.4,41.1,19.2,4.2,2.0,2.8
45,CLALLAM,530092008.0,200853009,2008,53009,7.9,24.0,3.9,7.9,,7.9,7.1,7.1,10.7,19.5,0.1,12.0,0.7,34.3,43.6,20.4,5.9,2.2,2.8
46,CLARK,530112008.0,200853011,2008,53011,9.3,16.1,3.7,7.2,0.1,8.1,5.7,10.9,12.5,21.7,0.2,13.4,0.7,28.5,39.9,19.5,3.8,3.3,3.1
47,COLUMBIA,530132008.0,200853013,2008,53013,8.8,21.8,4.8,7.2,,10.6,7.2,11.2,11.6,23.0,,15.5,0.0,33.2,41.6,26.6,3.4,3.7,2.7
48,COWLITZ,530152008.0,200853015,2008,53015,8.9,22.0,4.9,8.1,0.1,12.4,6.5,12.5,14.5,23.4,0.2,16.3,0.6,32.1,44.6,22.2,5.2,3.9,3.2
49,DOUGLAS,530172008.0,200853017,2008,53017,10.0,24.1,2.9,9.0,,9.2,8.1,10.5,14.8,21.5,,12.8,0.6,36.5,44.2,20.8,4.8,2.0,3.7
50,FERRY,530192008.0,200853019,2008,53019,4.5,16.3,2.3,5.8,0.0,13.0,4.9,6.5,8.7,18.2,,12.4,1.4,21.7,30.8,22.4,3.2,2.3,2.9
51,FRANKLIN,530212008.0,200853021,2008,53021,10.0,21.0,4.5,6.2,,9.9,6.8,11.2,12.1,28.4,0.2,12.3,0.8,43.9,46.7,26.3,5.1,2.6,3.8
52,GARFIELD,530232008.0,200853023,2008,53023,16.8,25.3,,7.3,0.0,7.9,10.3,14.5,12.9,27.9,,18.2,0.0,54.7,50.7,28.9,6.1,,2.8
53,GRANT,530252008.0,200853025,2008,53025,9.2,25.9,3.2,7.3,,9.8,6.6,10.4,11.5,26.5,0.2,14.7,0.4,33.8,44.6,22.5,3.7,2.3,3.1
54,GRAYS HARBOR,530272008.0,200853027,2008,53027,8.0,20.8,4.3,7.9,,12.0,6.3,11.4,12.7,24.2,0.1,16.4,0.6,39.0,49.9,25.3,4.3,2.4,3.6
55,ISLAND,530292008.0,200853029,2008,53029,7.7,22.6,3.6,7.7,,7.5,8.3,8.9,11.5,19.5,0.2,12.7,0.5,36.0,43.5,20.8,4.9,1.6,2.8
56,JEFFERSON,530312008.0,200853031,2008,53031,6.3,17.5,2.5,8.7,,6.2,7.6,7.9,10.0,16.3,0.1,12.0,0.6,34.0,42.6,17.6,4.3,1.2,3.1
57,KING,530332008.0,200853033,2008,53033,10.1,19.2,3.4,7.3,0.1,6.7,7.0,11.2,11.9,19.4,0.6,11.7,1.0,30.9,41.2,20.6,5.4,3.5,3.1
58,KITSAP,530352008.0,200853035,2008,53035,9.2,19.3,4.2,8.3,0.1,7.7,6.7,10.9,12.1,21.3,0.3,15.3,0.6,34.8,45.5,19.4,4.4,2.7,3.4
59,KITTITAS,530372008.0,200853037,2008,53037,7.3,22.6,2.7,7.4,,7.2,7.4,7.8,9.8,19.2,,10.9,0.5,35.7,38.5,19.6,3.2,2.2,2.3
60,KLICKITAT,530392008.0,200853039,2008,53039,6.9,15.5,3.0,6.4,,7.7,7.0,6.3,8.8,20.6,,13.4,0.5,28.4,34.3,17.9,3.3,2.1,2.9
61,LEWIS,530412008.0,200853041,2008,53041,8.5,19.1,2.9,7.7,,9.3,6.9,9.6,12.0,21.9,0.1,15.5,0.7,32.9,41.2,21.5,5.6,1.9,3.1
62,LINCOLN,530432008.0,200853043,2008,53043,9.7,27.5,3.5,8.9,0.0,11.7,7.6,12.0,11.2,24.0,,13.8,,35.4,44.1,25.9,5.8,1.7,3.5
63,MASON,530452008.0,200853045,2008,53045,6.8,20.5,3.1,8.1,,8.0,7.5,8.1,10.4,20.5,0.1,13.3,0.7,32.4,40.8,22.2,3.7,1.6,2.4
64,OKANOGAN,530472008.0,200853047,2008,53047,8.0,20.1,2.8,6.9,,9.3,6.0,9.9,11.4,21.0,0.3,12.7,0.5,32.9,37.2,21.4,3.7,1.9,2.4
65,PACIFIC,530492008.0,200853049,2008,53049,7.8,22.8,3.2,8.3,,11.1,6.9,9.4,10.6,24.5,,15.1,0.7,36.8,49.1,24.4,4.4,1.8,2.8
66,PEND OREILLE,530512008.0,200853051,2008,53051,6.2,19.0,2.9,6.1,0.0,9.7,5.7,9.4,9.3,22.6,,12.7,0.7,29.6,34.6,22.9,4.5,2.2,2.8
67,PIERCE,530532008.0,200853053,2008,53053,8.7,21.8,3.9,7.1,0.1,10.0,6.5,11.7,12.4,22.4,0.2,14.6,0.9,35.0,46.0,20.6,5.9,3.4,3.4
68,SAN JUAN,530552008.0,200853055,2008,53055,7.4,18.4,3.0,9.2,,4.7,7.7,6.3,10.4,12.8,,9.7,0.9,31.0,36.5,17.8,3.8,1.2,2.1
69,SKAGIT,530572008.0,200853057,2008,53057,8.5,19.7,3.2,9.0,0.1,7.7,7.6,9.0,13.2,20.2,0.1,12.0,0.6,33.1,45.2,20.6,4.7,2.6,3.0
70,SKAMANIA,530592008.0,200853059,2008,53059,6.9,11.7,3.1,7.4,,7.2,6.8,8.1,9.3,20.9,0.0,14.7,,22.1,37.1,15.5,2.9,1.7,2.6
71,SNOHOMISH,530612008.0,200853061,2008,53061,8.9,19.7,3.4,7.7,0.1,7.6,6.9,12.1,12.7,22.1,0.3,12.2,0.9,30.6,40.7,20.6,4.5,3.1,3.2
72,SPOKANE,530632008.0,200853063,2008,53063,9.9,22.1,3.4,7.7,0.1,9.5,7.1,11.8,12.6,20.8,0.2,12.6,0.7,35.1,42.8,21.3,6.5,3.5,3.5
73,STEVENS,530652008.0,200853065,2008,53065,6.9,22.5,3.2,7.0,0.0,11.1,6.9,8.5,8.4,20.8,,12.5,0.6,26.1,34.2,22.9,5.1,1.9,3.2
74,THURSTON,530672008.0,200853067,2008,53067,9.0,20.9,3.6,6.7,0.1,7.9,6.5,9.7,12.2,20.1,0.2,13.3,0.7,29.5,38.5,20.7,4.6,3.0,2.9
75,WAHKIAKUM,530692008.0,200853069,2008,53069,6.6,21.3,,9.7,0.0,9.4,6.4,11.7,9.9,22.0,,15.4,,33.0,43.6,24.6,3.9,,2.3
76,WALLA WALLA,530712008.0,200853071,2008,53071,11.7,21.8,4.5,8.8,,8.9,9.3,9.0,11.4,21.9,,15.6,0.5,34.4,43.9,23.0,6.3,2.8,3.4
77,WHATCOM,530732008.0,200853073,2008,53073,9.0,18.2,3.9,9.3,0.1,7.5,7.3,9.8,13.2,20.7,0.3,12.7,1.5,34.6,44.5,23.4,5.5,3.4,2.9
78,WHITMAN,530752008.0,200853075,2008,53075,9.5,30.6,6.8,7.6,,10.0,8.1,11.9,9.9,22.9,,16.9,0.4,30.7,46.0,25.2,6.5,3.3,4.3
79,YAKIMA,530772008.0,200853077,2008,53077,8.9,21.9,3.8,7.6,0.1,9.4,7.6,10.8,12.2,26.1,0.2,15.5,0.7,37.9,45.7,24.5,4.9,2.7,3.3
80,STATE TOTAL,0.2009,2009,2009,.,9.2,21.3,3.7,7.7,0.1,8.4,7.0,11.7,12.7,21.7,0.3,12.8,0.8,34.2,43.9,21.0,5.2,3.1,3.1
81,ADAMS,530012009.0,200953001,2009,53001,9.7,23.9,3.4,7.4,0.0,8.6,6.4,12.8,10.4,26.6,0.0,14.7,,37.1,48.6,26.9,5.1,1.8,2.7
82,ASOTIN,530032009.0,200953003,2009,53003,11.4,25.7,4.0,7.8,,10.3,8.8,11.8,11.3,25.0,,16.7,0.5,37.6,45.6,24.0,4.8,2.4,3.4
83,BENTON,530052009.0,200953005,2009,53005,11.5,24.8,4.7,7.3,0.1,10.5,7.8,12.0,14.1,26.2,0.1,12.8,0.7,44.1,49.4,25.8,6.3,2.7,3.9
84,CHELAN,530072009.0,200953007,2009,53007,8.6,20.9,3.1,8.2,,7.3,7.1,9.1,13.8,19.9,,9.9,0.7,32.5,40.8,19.1,4.6,2.4,3.1
85,CLALLAM,530092009.0,200953009,2009,53009,7.9,25.7,4.0,8.0,,8.1,7.4,8.3,12.0,19.9,0.1,11.9,0.7,35.1,44.5,19.9,6.0,2.1,2.7
86,CLARK,530112009.0,200953011,2009,53011,9.0,16.9,4.2,7.1,0.1,8.2,5.9,12.7,13.8,22.9,0.2,13.8,0.8,30.3,41.7,19.9,3.8,3.2,3.0
87,COLUMBIA,530132009.0,200953013,2009,53013,9.7,22.5,4.4,6.1,,11.1,7.1,12.7,13.5,23.4,,14.9,0.0,33.7,44.6,26.2,4.1,3.4,1.9
88,COWLITZ,530152009.0,200953015,2009,53015,9.5,23.0,5.2,8.5,0.1,12.3,6.1,13.5,15.3,24.2,0.3,16.3,0.7,32.8,46.0,22.1,5.3,4.4,3.1
89,DOUGLAS,530172009.0,200953017,2009,53017,9.8,23.9,3.2,8.9,,8.5,7.9,10.8,16.2,22.2,,11.9,0.5,35.5,43.2,20.2,5.4,2.3,3.4
90,FERRY,530192009.0,200953019,2009,53019,5.8,16.8,2.3,5.2,0.0,10.2,6.0,7.3,9.1,18.5,,12.8,,24.0,32.1,21.9,3.5,2.3,1.7
91,FRANKLIN,530212009.0,200953021,2009,53021,9.7,21.5,4.3,6.2,,9.5,6.2,12.1,11.4,29.0,,12.2,0.9,43.5,46.7,25.5,5.0,2.7,3.5
92,GARFIELD,530232009.0,200953023,2009,53023,15.9,25.0,2.6,7.1,0.0,8.7,10.4,16.1,14.6,27.8,0.0,18.1,,50.2,54.3,27.0,5.3,2.6,3.5
93,GRANT,530252009.0,200953025,2009,53025,8.9,25.8,3.1,7.5,,9.9,6.4,10.6,11.4,26.9,0.2,13.9,0.4,34.7,44.8,21.8,3.8,2.4,2.7
94,GRAYS HARBOR,530272009.0,200953027,2009,53027,7.8,21.7,4.3,8.2,,11.5,6.6,13.3,13.3,24.9,0.2,16.1,0.7,40.0,51.2,24.4,4.2,2.6,3.9
95,ISLAND,530292009.0,200953029,2009,53029,8.1,23.3,3.5,7.9,,7.4,8.6,9.5,10.6,20.0,0.1,12.3,0.6,38.7,45.5,20.9,5.0,1.7,2.9
96,JEFFERSON,530312009.0,200953031,2009,53031,6.2,18.5,3.0,9.3,,6.1,7.7,8.6,10.7,16.7,,11.4,0.6,35.9,44.5,17.6,4.5,1.2,3.1
97,KING,530332009.0,200953033,2009,53033,10.1,19.8,3.5,7.5,0.1,6.6,6.8,12.1,12.6,19.8,0.5,11.4,1.0,31.7,42.4,20.2,5.4,3.6,2.9
98,KITSAP,530352009.0,200953035,2009,53035,8.9,20.5,4.1,8.4,0.1,7.9,6.8,12.2,12.4,21.5,0.2,14.6,0.6,36.9,46.1,19.1,4.7,2.6,2.9
99,KITTITAS,530372009.0,200953037,2009,53037,7.4,23.8,3.2,8.0,,6.9,7.6,7.7,8.9,19.4,,10.6,0.6,35.2,41.2,20.3,3.9,1.8,2.2
100,KLICKITAT,530392009.0,200953039,2009,53039,7.3,15.6,2.3,7.2,,7.8,7.2,7.2,9.5,21.4,,13.2,0.3,30.8,35.6,18.0,3.3,1.8,3.0
101,LEWIS,530412009.0,200953041,2009,53041,8.4,20.7,2.9,8.3,,9.3,6.6,10.3,12.5,22.3,0.1,14.6,0.8,34.1,42.0,22.6,5.6,2.0,3.5
102,LINCOLN,530432009.0,200953043,2009,53043,9.5,26.7,3.9,9.0,0.0,10.3,7.6,10.9,11.1,24.5,0.0,12.2,,37.5,44.9,23.9,6.8,2.4,3.8
103,MASON,530452009.0,200953045,2009,53045,7.1,21.1,3.3,8.3,,8.6,7.4,9.0,10.9,20.4,0.1,12.9,0.8,32.4,41.6,21.7,3.7,1.6,2.6
104,OKANOGAN,530472009.0,200953047,2009,53047,7.8,19.1,3.0,6.9,,8.8,6.2,10.9,12.4,21.7,0.2,11.8,0.5,33.5,38.3,20.6,3.2,2.0,2.7
105,PACIFIC,530492009.0,200953049,2009,53049,7.6,23.0,3.5,8.6,,11.8,7.6,9.7,11.0,25.3,,15.4,0.8,39.2,52.2,24.8,4.4,1.6,3.3
106,PEND OREILLE,530512009.0,200953051,2009,53051,6.0,20.4,2.7,5.6,0.0,8.8,5.8,9.1,8.8,21.7,,11.4,0.8,29.9,34.9,21.9,4.6,1.7,2.1
107,PIERCE,530532009.0,200953053,2009,53053,8.8,22.0,4.0,7.2,0.1,9.8,6.6,12.7,12.8,22.7,0.2,14.7,1.0,35.6,46.6,20.2,5.9,3.4,3.3
108,SAN JUAN,530552009.0,200953055,2009,53055,7.5,18.3,2.6,9.2,0.0,3.6,8.1,6.9,10.8,12.3,,8.7,0.5,30.0,37.3,17.0,2.7,1.1,2.2
109,SKAGIT,530572009.0,200953057,2009,53057,8.6,20.1,3.2,9.2,0.1,7.5,7.6,9.5,13.5,20.4,0.1,11.5,0.6,33.8,45.6,20.1,4.3,2.5,2.8
110,SKAMANIA,530592009.0,200953059,2009,53059,6.2,14.3,3.2,7.5,,7.0,5.5,9.2,10.1,20.3,,12.0,,24.9,39.4,15.2,2.0,1.6,1.6
111,SNOHOMISH,530612009.0,200953061,2009,53061,8.8,19.8,3.3,7.4,0.1,7.5,6.9,13.5,13.2,22.3,0.3,11.8,0.9,31.0,41.4,20.3,4.3,3.3,3.3
112,SPOKANE,530632009.0,200953063,2009,53063,10.1,23.3,3.7,7.7,0.1,9.9,7.0,12.4,12.9,21.3,0.2,12.3,0.7,36.4,44.6,21.0,6.6,3.7,3.5
113,STEVENS,530652009.0,200953065,2009,53065,6.8,22.8,3.6,7.2,0.0,11.2,6.8,9.1,8.5,20.7,,12.3,0.7,26.9,34.9,22.4,4.8,2.1,2.8
114,THURSTON,530672009.0,200953067,2009,53067,8.7,20.8,3.9,6.7,0.1,8.0,6.7,10.6,12.7,20.1,0.2,13.2,0.8,31.0,39.8,20.2,5.0,3.1,2.8
115,WAHKIAKUM,530692009.0,200953069,2009,53069,6.7,22.0,5.0,9.5,0.0,8.9,6.9,12.0,9.7,22.7,,14.1,,31.0,44.5,23.7,3.5,2.5,3.1
116,WALLA WALLA,530712009.0,200953071,2009,53071,11.6,23.2,4.9,9.2,,9.0,9.1,9.7,12.5,22.6,,14.7,0.4,35.6,44.9,22.8,6.4,2.8,3.2
117,WHATCOM,530732009.0,200953073,2009,53073,9.3,18.5,4.1,9.5,0.1,7.6,7.3,11.3,13.7,20.4,0.2,12.5,1.5,36.0,45.8,23.1,5.2,3.4,2.8
118,WHITMAN,530752009.0,200953075,2009,53075,10.3,32.7,6.7,8.0,,10.6,7.9,13.0,10.3,23.2,,16.7,0.4,32.6,47.3,25.6,6.2,3.3,3.6
119,YAKIMA,530772009.0,200953077,2009,53077,8.9,23.5,3.6,7.2,0.0,9.1,7.3,11.4,12.8,27.0,0.1,14.2,0.7,37.6,45.5,24.0,4.8,2.8,3.3
120,STATE TOTAL,0.201,2010,2010,.,9.1,22.0,3.8,7.7,0.1,8.4,6.9,12.6,13.2,22.1,0.3,12.5,0.8,34.8,44.3,20.6,5.0,3.1,3.1
121,ADAMS,530012010.0,201053001,2010,53001,9.4,24.8,3.3,7.4,0.0,7.7,6.6,14.0,11.2,27.8,0.0,13.9,,41.0,51.2,27.6,4.2,1.6,2.7
122,ASOTIN,530032010.0,201053003,2010,53003,10.1,26.1,4.7,8.5,0.0,10.6,9.1,12.4,11.3,25.3,,17.1,0.5,37.6,48.0,23.8,5.1,2.4,3.4
123,BENTON,530052010.0,201053005,2010,53005,11.1,26.4,5.1,7.2,0.1,10.7,7.3,12.7,13.3,27.2,0.1,12.5,0.6,45.1,49.9,25.0,6.0,2.6,3.8
124,CHELAN,530072010.0,201053007,2010,53007,9.0,21.3,3.1,8.8,,7.1,6.9,9.5,15.1,20.0,,9.9,0.5,33.2,41.3,18.3,4.4,2.4,3.3
125,CLALLAM,530092010.0,201053009,2010,53009,7.8,26.0,3.9,7.9,,8.2,6.8,9.1,11.7,19.9,0.1,11.7,0.8,32.9,42.8,19.4,5.2,2.2,2.4
126,CLARK,530112010.0,201053011,2010,53011,8.8,18.3,4.4,7.4,0.1,8.3,6.1,13.6,14.0,23.7,0.1,14.2,0.8,31.3,43.4,19.6,3.9,3.2,3.3
127,COLUMBIA,530132010.0,201053013,2010,53013,10.7,22.8,4.0,7.0,,12.5,8.0,14.6,14.6,23.3,,16.1,,40.1,43.6,25.4,4.0,3.2,2.3
128,COWLITZ,530152010.0,201053015,2010,53015,9.8,22.7,4.8,8.3,0.1,11.6,6.4,14.2,16.6,24.2,0.2,16.2,0.7,33.4,47.1,21.6,5.9,4.5,2.8
129,DOUGLAS,530172010.0,201053017,2010,53017,9.5,24.1,3.1,9.1,,8.8,7.8,11.1,16.6,22.8,,11.7,0.5,36.7,45.4,19.2,5.4,2.2,3.8
130,FERRY,530192010.0,201053019,2010,53019,5.2,16.1,3.4,6.0,0.0,9.8,4.5,7.4,9.0,19.0,,11.3,0.9,26.7,34.1,21.1,2.5,1.5,2.8
131,FRANKLIN,530212010.0,201053021,2010,53021,9.2,23.5,4.9,5.6,,9.9,6.5,12.8,11.9,30.3,,11.4,0.8,45.5,47.5,24.3,4.5,2.6,3.2
132,GARFIELD,530232010.0,201053023,2010,53023,12.6,26.7,2.4,6.5,,9.2,9.4,14.7,13.0,29.5,0.0,15.9,,45.6,51.1,26.5,5.7,,
133,GRANT,530252010.0,201053025,2010,53025,8.4,25.6,2.9,7.6,,9.4,6.5,11.0,11.8,27.7,0.2,13.3,0.5,37.0,45.8,21.7,3.6,2.2,3.1
134,GRAYS HARBOR,530272010.0,201053027,2010,53027,8.1,21.8,4.5,8.1,,11.5,6.5,14.2,13.7,25.3,0.2,16.3,0.7,39.4,50.7,23.4,3.8,2.7,3.7
135,ISLAND,530292010.0,201053029,2010,53029,7.5,23.2,3.2,8.0,,7.0,8.5,10.2,11.8,20.2,0.1,11.4,0.5,36.9,45.4,19.8,4.7,1.6,2.4
136,JEFFERSON,530312010.0,201053031,2010,53031,6.0,19.3,2.8,9.2,0.0,5.9,7.4,9.5,10.6,16.6,,10.7,0.6,35.0,43.3,16.9,4.0,1.0,2.7
137,KING,530332010.0,201053033,2010,53033,10.2,20.6,3.5,7.5,0.1,6.5,6.8,13.0,13.0,20.1,0.5,11.2,1.1,32.1,42.6,19.9,5.2,3.7,3.1
138,KITSAP,530352010.0,201053035,2010,53035,8.7,21.4,4.1,8.3,0.1,8.2,6.7,13.2,13.1,21.7,0.2,13.9,0.6,37.7,46.7,18.2,4.6,2.6,2.9
139,KITTITAS,530372010.0,201053037,2010,53037,7.7,24.0,3.8,8.6,,7.7,7.8,8.1,10.1,20.2,,10.5,0.5,33.0,43.1,21.3,4.1,1.8,2.6
140,KLICKITAT,530392010.0,201053039,2010,53039,7.1,17.8,2.3,6.7,,7.4,6.7,8.0,9.9,22.0,,12.8,0.4,30.1,35.3,18.0,3.5,2.0,2.5
141,LEWIS,530412010.0,201053041,2010,53041,8.5,20.9,3.1,8.6,,9.7,6.6,11.7,13.0,22.3,0.1,14.4,0.7,35.1,42.7,22.5,4.9,2.0,3.3
142,LINCOLN,530432010.0,201053043,2010,53043,8.5,26.4,3.4,9.0,0.0,9.6,7.2,11.2,10.8,24.2,0.0,12.1,0.5,37.2,45.7,22.7,5.2,2.5,3.2
143,MASON,530452010.0,201053045,2010,53045,7.2,21.9,3.4,8.5,,9.1,7.4,10.2,10.9,20.3,0.1,12.4,0.7,33.5,41.5,21.3,3.8,1.7,2.6
144,OKANOGAN,530472010.0,201053047,2010,53047,7.0,18.7,3.1,6.6,,8.7,6.2,10.1,11.6,21.6,0.2,10.3,0.4,33.3,37.6,19.6,3.3,1.7,2.3
145,PACIFIC,530492010.0,201053049,2010,53049,7.2,23.9,3.6,9.0,,11.1,7.6,10.3,12.5,26.1,,14.9,0.7,40.2,52.8,24.4,4.7,2.0,3.3
146,PEND OREILLE,530512010.0,201053051,2010,53051,6.4,21.5,2.7,5.5,0.0,9.0,6.1,10.4,9.6,21.8,,11.0,0.6,29.7,34.7,20.7,3.8,1.7,2.2
147,PIERCE,530532010.0,201053053,2010,53053,8.7,22.3,4.1,7.1,0.1,9.9,6.6,14.0,13.1,23.1,0.2,14.2,1.0,36.3,46.7,20.0,5.5,3.5,3.0
148,SAN JUAN,530552010.0,201053055,2010,53055,7.1,18.2,2.2,9.8,0.0,4.7,7.7,6.3,10.8,12.4,,8.4,0.6,31.6,36.1,16.8,3.5,1.3,2.4
149,SKAGIT,530572010.0,201053057,2010,53057,8.3,20.5,3.3,9.1,0.1,7.3,7.7,10.1,14.2,20.6,0.1,11.3,0.6,34.1,45.6,19.5,4.0,2.4,2.7
150,SKAMANIA,530592010.0,201053059,2010,53059,7.6,17.3,2.7,7.9,,6.6,6.8,11.3,11.1,21.0,,12.4,,25.4,39.5,15.3,3.0,1.6,2.1
151,SNOHOMISH,530612010.0,201053061,2010,53061,8.6,20.3,3.5,7.6,0.1,7.6,6.7,14.5,13.3,22.4,0.2,11.3,0.9,31.9,41.9,19.7,4.1,3.4,3.1
152,SPOKANE,530632010.0,201053063,2010,53063,10.1,25.1,3.9,7.8,0.1,9.9,7.1,13.9,14.2,21.7,0.2,12.0,0.7,36.7,45.2,20.9,6.5,4.0,3.4
153,STEVENS,530652010.0,201053065,2010,53065,6.9,24.6,3.8,7.2,,11.0,7.5,9.8,9.7,20.9,,11.5,0.7,28.8,37.3,23.1,4.9,2.3,2.9
154,THURSTON,530672010.0,201053067,2010,53067,8.6,21.0,3.9,7.0,0.1,8.1,6.6,11.9,13.8,20.5,0.2,12.6,0.9,32.4,41.2,20.1,4.9,3.2,2.9
155,WAHKIAKUM,530692010.0,201053069,2010,53069,5.8,21.0,4.8,9.9,0.0,10.3,6.8,14.1,11.7,22.0,,13.8,,34.9,43.9,23.3,4.1,,
156,WALLA WALLA,530712010.0,201053071,2010,53071,11.8,25.1,5.1,9.2,0.1,9.4,8.9,10.7,15.1,23.1,0.1,14.6,0.5,37.7,46.7,22.7,7.2,3.0,3.5
157,WHATCOM,530732010.0,201053073,2010,53073,9.5,19.6,4.1,9.5,0.1,7.7,6.8,11.9,14.8,20.5,0.3,12.0,1.5,36.6,46.4,22.4,4.7,3.5,3.2
158,WHITMAN,530752010.0,201053075,2010,53075,10.3,34.0,6.7,8.7,,11.7,7.8,13.5,11.0,23.6,,16.8,0.5,34.8,48.4,25.8,6.2,2.7,3.2
159,YAKIMA,530772010.0,201053077,2010,53077,8.6,23.8,3.9,7.3,0.0,8.4,7.2,12.0,13.5,27.1,0.2,13.0,0.7,38.4,46.6,23.8,4.6,2.7,3.2
160,STATE TOTAL,0.2011,2011,2011,.,8.9,22.5,3.9,7.8,0.1,8.4,7.3,13.2,14.1,22.2,0.3,12.1,0.9,35.4,44.4,20.2,5.0,3.1,2.9
161,ADAMS,530012011.0,201153001,2011,53001,9.2,25.1,4.2,8.2,,8.8,8.0,13.8,11.7,27.1,,13.9,,39.3,50.0,28.0,4.6,1.8,2.3
162,ASOTIN,530032011.0,201153003,2011,53003,8.9,26.3,5.1,7.9,,11.1,8.6,12.2,13.2,25.4,,16.5,0.5,38.4,47.1,23.9,5.4,2.0,3.2
163,BENTON,530052011.0,201153005,2011,53005,10.4,26.9,4.8,7.2,0.1,10.5,7.8,13.6,13.9,27.9,0.1,12.1,0.7,46.0,50.8,24.1,5.6,2.7,3.5
164,CHELAN,530072011.0,201153007,2011,53007,9.2,22.2,3.5,8.7,,7.4,7.5,9.7,15.7,19.8,,9.8,0.7,34.1,40.6,18.0,5.0,2.4,3.4
165,CLALLAM,530092011.0,201153009,2011,53009,7.7,25.7,3.7,8.0,0.1,8.0,7.2,9.5,11.8,20.0,0.1,11.0,0.8,34.2,43.4,18.9,5.2,2.3,2.5
166,CLARK,530112011.0,201153011,2011,53011,8.6,19.1,4.6,7.4,0.1,8.5,6.5,14.1,15.1,23.5,0.2,14.0,0.9,32.2,42.9,18.9,4.3,3.3,3.0
167,COLUMBIA,530132011.0,201153013,2011,53013,9.1,24.7,5.2,6.9,,12.9,8.6,14.6,17.6,26.0,,16.6,,41.2,48.4,24.0,5.3,2.8,2.4
168,COWLITZ,530152011.0,201153015,2011,53015,9.2,21.5,5.1,8.3,0.1,11.6,6.7,14.6,16.8,24.7,0.2,16.1,0.6,32.8,46.5,20.5,5.6,4.3,3.1
169,DOUGLAS,530172011.0,201153017,2011,53017,9.1,25.4,3.4,8.9,,9.0,8.2,11.2,17.6,23.0,,10.6,0.5,38.2,44.5,18.6,5.6,2.0,3.3
170,FERRY,530192011.0,201153019,2011,53019,4.4,18.2,3.2,5.7,0.0,9.2,4.9,6.9,10.0,17.5,,11.1,0.8,28.0,33.1,20.3,3.3,1.4,1.7
171,FRANKLIN,530212011.0,201153021,2011,53021,9.4,25.1,4.7,5.7,,9.1,6.9,14.0,13.0,30.9,,10.7,0.7,45.5,49.2,23.3,4.8,2.4,3.3
172,GARFIELD,530232011.0,201153023,2011,53023,10.7,25.8,3.1,6.3,0.0,9.6,9.0,13.3,10.9,28.3,0.0,15.0,,39.5,45.7,24.4,4.7,,3.3
173,GRANT,530252011.0,201153025,2011,53025,8.1,25.1,2.9,7.9,,9.5,7.2,11.3,13.1,27.4,0.2,12.0,0.5,37.8,46.0,21.2,3.8,2.2,2.9
174,GRAYS HARBOR,530272011.0,201153027,2011,53027,7.7,21.6,4.2,8.2,,11.3,7.1,14.4,13.9,25.6,0.2,15.7,0.6,38.4,49.9,22.4,3.5,2.7,3.6
175,ISLAND,530292011.0,201153029,2011,53029,7.3,23.3,3.4,8.0,,6.8,8.3,11.4,12.1,20.4,0.2,10.9,0.5,37.1,45.9,19.7,5.0,1.7,2.5
176,JEFFERSON,530312011.0,201153031,2011,53031,5.6,19.8,2.8,8.9,,5.8,8.2,10.0,11.2,16.6,,10.1,0.7,34.0,42.0,16.3,4.1,1.2,2.9
177,KING,530332011.0,201153033,2011,53033,10.2,21.2,3.7,7.6,0.1,6.6,7.1,13.8,13.7,20.3,0.5,11.1,1.1,32.9,43.1,19.6,5.2,3.7,2.9
178,KITSAP,530352011.0,201153035,2011,53035,8.3,21.0,4.3,8.1,0.1,8.4,6.7,13.4,13.8,21.6,0.2,13.0,0.6,37.8,46.0,17.5,4.4,2.6,2.7
179,KITTITAS,530372011.0,201153037,2011,53037,7.0,22.6,3.6,8.3,,7.7,8.0,8.4,11.0,20.1,,10.1,0.4,30.8,41.3,20.7,3.4,2.2,2.2
180,KLICKITAT,530392011.0,201153039,2011,53039,6.7,18.5,3.3,7.3,,8.2,6.9,8.1,12.1,22.2,,13.0,0.5,31.5,37.1,17.3,2.9,1.9,2.1
181,LEWIS,530412011.0,201153041,2011,53041,8.6,21.5,3.0,8.5,,9.6,7.0,12.6,14.4,22.3,0.1,14.4,0.7,34.3,40.8,21.8,5.0,1.9,3.2
182,LINCOLN,530432011.0,201153043,2011,53043,8.3,28.1,3.7,8.5,,8.8,8.2,10.9,13.1,24.2,0.0,11.3,0.6,38.1,46.9,23.0,5.6,3.1,2.7
183,MASON,530452011.0,201153045,2011,53045,6.8,23.5,4.1,8.1,,9.4,7.5,10.8,11.7,21.1,,12.3,0.7,32.9,41.1,21.1,3.9,1.8,2.4
184,OKANOGAN,530472011.0,201153047,2011,53047,6.4,18.8,2.9,7.0,,8.7,6.5,10.5,13.1,21.6,0.2,9.9,0.3,33.3,38.0,19.4,3.3,1.7,2.2
185,PACIFIC,530492011.0,201153049,2011,53049,7.6,24.4,3.6,9.1,,11.4,7.5,10.8,12.9,26.1,,14.4,0.6,41.9,50.6,23.7,4.7,1.6,3.0
186,PEND OREILLE,530512011.0,201153051,2011,53051,5.5,22.8,3.0,6.1,0.0,9.7,6.3,11.0,10.6,20.9,,10.9,,30.8,36.1,20.6,3.9,1.9,2.0
187,PIERCE,530532011.0,201153053,2011,53053,8.5,22.7,4.4,7.2,0.1,10.1,7.1,14.8,14.3,23.6,0.2,13.5,1.0,37.2,46.7,19.7,5.6,3.3,3.0
188,SAN JUAN,530552011.0,201153055,2011,53055,7.3,17.3,2.6,9.5,0.0,4.1,7.7,6.9,11.6,12.0,,8.2,0.6,29.5,33.9,16.0,3.1,1.5,2.3
189,SKAGIT,530572011.0,201153057,2011,53057,8.3,21.5,3.0,9.4,0.1,7.5,7.8,10.9,14.4,20.7,0.1,11.0,0.6,34.1,45.2,19.0,3.8,2.4,2.6
190,SKAMANIA,530592011.0,201153059,2011,53059,5.8,16.0,3.6,6.7,,6.4,6.4,9.6,11.4,19.9,,9.9,,24.5,40.0,14.4,2.0,1.3,2.2
191,SNOHOMISH,530612011.0,201153061,2011,53061,8.5,21.1,3.8,7.7,0.1,7.8,7.4,15.4,14.5,22.2,0.2,11.1,0.9,32.5,42.2,19.3,4.1,3.4,2.9
192,SPOKANE,530632011.0,201153063,2011,53063,10.0,26.6,4.0,7.7,0.1,9.8,7.6,14.6,15.7,21.5,0.2,11.7,0.7,37.5,45.0,20.7,6.6,4.2,3.1
193,STEVENS,530652011.0,201153065,2011,53065,6.4,25.1,4.3,7.0,,10.6,7.3,10.2,11.2,21.3,,9.8,0.6,30.1,37.3,22.6,4.2,2.7,2.8
194,THURSTON,530672011.0,201153067,2011,53067,8.7,21.4,3.8,7.1,0.1,8.1,6.9,12.9,14.2,20.7,0.2,12.5,0.8,32.0,40.1,19.9,4.9,3.3,2.7
195,WAHKIAKUM,530692011.0,201153069,2011,53069,5.6,22.3,5.2,9.6,0.0,9.7,6.9,14.1,14.5,21.8,0.0,14.5,,33.3,44.4,23.2,4.4,,1.4
196,WALLA WALLA,530712011.0,201153071,2011,53071,11.1,26.5,5.0,9.4,,9.0,8.8,11.5,15.8,23.1,0.1,14.2,0.5,39.7,46.8,23.4,7.4,2.9,3.6
197,WHATCOM,530732011.0,201153073,2011,53073,9.2,20.8,4.0,9.5,0.1,7.6,7.5,12.1,15.4,21.2,0.3,11.8,1.4,37.3,45.8,21.9,5.3,3.5,3.1
198,WHITMAN,530752011.0,201153075,2011,53075,9.3,34.0,5.3,8.3,,10.5,8.1,12.7,10.9,23.0,,14.9,0.3,35.6,47.2,24.6,6.5,2.6,4.1
199,YAKIMA,530772011.0,201153077,2011,53077,8.8,24.0,4.3,7.5,0.1,9.1,7.7,12.8,14.7,27.1,0.2,13.1,0.8,40.2,48.6,23.7,5.1,2.9,3.3
200,STATE TOTAL,0.2012,2012,2012,.,8.8,23.2,4.0,7.8,0.1,8.2,7.2,13.8,14.1,22.1,0.3,11.9,0.9,35.0,44.0,19.9,4.8,3.1,2.9
201,ADAMS,530012012.0,201253001,2012,53001,8.9,25.8,3.4,8.0,,8.4,7.0,16.4,13.3,27.2,,13.6,,39.9,52.0,27.8,5.1,1.7,3.0
202,ASOTIN,530032012.0,201253003,2012,53003,8.4,28.8,5.2,8.1,,10.7,8.2,12.9,12.8,25.6,,15.4,0.7,37.2,47.2,22.7,5.0,2.3,3.0
203,BENTON,530052012.0,201253005,2012,53005,10.3,27.6,5.3,7.7,0.1,10.3,7.9,15.1,14.4,27.9,0.1,12.0,0.6,46.5,51.2,23.2,5.4,2.7,3.4
204,CHELAN,530072012.0,201253007,2012,53007,9.9,23.2,3.9,8.6,0.2,7.4,7.4,11.2,16.3,20.2,,9.0,0.8,34.8,42.2,18.3,5.2,2.7,3.6
205,CLALLAM,530092012.0,201253009,2012,53009,7.8,26.4,3.6,8.1,0.1,7.3,6.8,10.1,12.0,19.8,0.1,11.0,0.8,34.3,42.2,18.7,4.9,2.3,2.4
206,CLARK,530112012.0,201253011,2012,53011,8.6,19.9,5.0,7.3,0.2,8.3,6.4,14.5,15.5,23.3,0.2,13.2,1.0,33.5,42.9,19.0,4.9,3.3,3.0
207,COLUMBIA,530132012.0,201253013,2012,53013,9.1,26.7,4.7,8.2,,13.3,8.0,15.5,15.5,25.4,0.0,15.1,,41.1,48.7,23.9,4.7,2.8,2.5
208,COWLITZ,530152012.0,201253015,2012,53015,9.3,22.5,5.1,8.8,0.1,10.7,6.2,15.7,17.0,24.9,0.2,16.4,0.9,32.2,45.0,20.7,5.1,4.4,2.9
209,DOUGLAS,530172012.0,201253017,2012,53017,9.4,26.9,3.4,9.4,,8.0,8.7,12.6,17.9,23.0,,10.0,0.7,38.6,46.3,18.8,6.0,2.2,3.9
210,FERRY,530192012.0,201253019,2012,53019,4.0,20.1,3.9,6.7,0.0,9.7,4.6,8.2,8.1,18.1,,10.0,,27.8,33.8,22.6,2.0,1.7,2.3
211,FRANKLIN,530212012.0,201253021,2012,53021,9.2,26.4,4.2,6.3,,8.7,7.1,15.4,13.3,30.4,,10.4,0.6,46.8,49.9,22.8,5.2,2.3,3.3
212,GARFIELD,530232012.0,201253023,2012,53023,8.9,27.2,3.1,5.4,0.0,9.8,10.2,11.0,11.0,26.0,0.0,15.6,,40.1,46.1,22.2,5.2,,
213,GRANT,530252012.0,201253025,2012,53025,8.1,25.4,2.9,7.8,,8.9,6.5,12.5,12.9,27.4,0.1,11.4,0.5,39.2,46.6,20.6,3.7,2.1,2.8
214,GRAYS HARBOR,530272012.0,201253027,2012,53027,7.5,22.2,4.4,8.7,0.1,10.7,7.0,14.8,13.2,25.6,0.2,15.5,0.7,37.5,48.3,22.3,2.9,2.7,3.5
215,ISLAND,530292012.0,201253029,2012,53029,6.7,23.0,3.1,8.3,,6.9,8.2,11.8,11.8,20.3,0.1,11.0,0.5,36.0,44.6,18.9,4.1,1.6,2.4
216,JEFFERSON,530312012.0,201253031,2012,53031,5.4,20.9,3.2,8.8,,6.1,7.6,10.4,11.8,16.6,,10.1,0.8,32.6,41.2,16.0,3.3,1.5,2.7
217,KING,530332012.0,201253033,2012,53033,10.1,21.7,3.5,7.7,0.1,6.5,7.0,14.2,13.8,20.1,0.6,11.0,1.1,32.8,42.9,19.2,4.9,3.7,2.9
218,KITSAP,530352012.0,201253035,2012,53035,7.9,21.0,4.4,8.0,0.1,8.5,7.1,13.9,13.8,21.5,0.2,13.0,0.7,36.5,44.8,17.6,4.2,2.5,2.6
219,KITTITAS,530372012.0,201253037,2012,53037,7.5,24.5,3.4,8.7,,7.3,7.4,9.0,11.5,20.8,,9.8,0.4,31.5,41.1,20.1,3.5,2.3,2.3
220,KLICKITAT,530392012.0,201253039,2012,53039,6.6,19.0,3.1,7.8,,8.0,7.6,8.2,11.3,21.6,,13.0,0.5,30.7,37.5,17.4,3.0,1.9,2.2
221,LEWIS,530412012.0,201253041,2012,53041,8.2,23.5,3.4,8.2,,9.5,6.8,13.6,14.8,22.8,,13.9,0.8,34.3,41.8,21.8,4.8,2.0,3.0
222,LINCOLN,530432012.0,201253043,2012,53043,7.4,28.8,3.7,8.2,0.0,8.7,7.1,10.2,12.6,24.1,,9.7,0.5,36.3,46.3,21.3,5.8,3.0,2.3
223,MASON,530452012.0,201253045,2012,53045,6.7,24.7,3.5,7.9,,9.0,7.4,11.3,12.2,21.9,,12.0,0.7,33.0,41.6,20.9,3.6,1.8,2.4
224,OKANOGAN,530472012.0,201253047,2012,53047,5.9,19.1,3.3,7.1,,8.4,6.5,11.1,13.0,20.7,0.2,9.2,0.5,33.6,39.3,18.9,3.2,1.7,2.4
225,PACIFIC,530492012.0,201253049,2012,53049,7.6,24.4,3.8,9.6,,10.6,6.8,10.7,12.9,25.4,,13.7,0.7,41.8,49.4,23.3,3.9,1.4,2.9
226,PEND OREILLE,530512012.0,201253051,2012,53051,5.4,23.5,2.9,6.3,,9.4,6.1,11.0,10.5,21.0,,9.4,0.7,31.3,36.5,19.8,4.2,2.3,2.7
227,PIERCE,530532012.0,201253053,2012,53053,8.3,23.2,4.3,7.2,0.1,9.8,7.0,15.3,14.1,23.3,0.2,13.4,0.9,36.7,46.2,19.6,5.3,3.3,2.8
228,SAN JUAN,530552012.0,201253055,2012,53055,7.6,18.1,2.5,9.2,,3.6,7.2,7.7,11.1,12.0,,8.4,0.5,29.2,33.0,16.6,2.5,1.5,2.4
229,SKAGIT,530572012.0,201253057,2012,53057,8.2,23.6,3.2,9.3,0.2,7.4,8.0,11.9,14.4,20.8,0.1,11.1,0.7,34.0,44.5,19.2,3.5,2.4,2.7
230,SKAMANIA,530592012.0,201253059,2012,53059,6.5,17.7,3.4,7.5,,7.0,5.6,9.9,15.0,19.9,,11.0,,28.2,42.6,15.9,3.0,1.7,3.0
231,SNOHOMISH,530612012.0,201253061,2012,53061,8.5,21.5,3.7,7.6,0.1,7.5,7.2,15.6,14.6,21.9,0.2,10.8,1.0,31.7,41.3,19.0,3.8,3.2,3.0
232,SPOKANE,530632012.0,201253063,2012,53063,9.9,26.6,4.1,7.8,0.1,9.5,7.6,14.6,15.7,21.0,0.2,11.1,0.7,37.2,44.9,20.4,6.4,4.3,2.9
233,STEVENS,530652012.0,201253065,2012,53065,6.4,26.2,4.2,7.4,,10.2,7.1,10.7,11.0,21.5,,9.3,0.7,29.7,38.4,22.2,4.4,2.7,2.6
234,THURSTON,530672012.0,201253067,2012,53067,8.5,22.0,4.0,6.9,0.1,7.8,6.8,13.5,14.4,20.7,0.2,12.3,0.8,31.5,40.1,19.6,5.0,3.2,2.8
235,WAHKIAKUM,530692012.0,201253069,2012,53069,5.8,22.7,5.0,9.0,0.0,8.2,6.5,14.8,13.8,22.4,0.0,14.4,,34.1,43.9,22.0,3.7,,
236,WALLA WALLA,530712012.0,201253071,2012,53071,11.1,26.9,5.0,9.5,,9.1,8.8,12.8,14.5,22.9,0.2,14.2,0.6,37.2,45.0,23.5,6.8,2.7,2.9
237,WHATCOM,530732012.0,201253073,2012,53073,9.0,22.1,4.0,9.3,0.1,7.6,7.2,12.4,16.0,21.7,0.3,11.9,1.4,34.0,43.1,20.7,4.7,3.5,2.7
238,WHITMAN,530752012.0,201253075,2012,53075,8.9,34.3,5.5,8.1,,10.9,6.8,13.0,11.0,23.9,,15.2,0.4,34.0,44.8,23.8,6.5,2.5,3.5
239,YAKIMA,530772012.0,201253077,2012,53077,9.1,24.8,4.1,6.7,0.1,9.0,7.2,13.9,15.1,27.2,0.1,12.9,0.8,39.2,48.5,23.5,4.7,3.2,3.0
240,STATE TOTAL,0.2013,2013,2013,.,8.6,23.4,4.1,7.9,0.1,8.2,7.1,14.2,14.3,21.9,0.3,11.5,0.9,34.8,43.7,19.5,4.5,3.0,2.9
241,ADAMS,530012013.0,201353001,2013,53001,8.9,26.9,4.2,8.1,,7.0,7.3,16.1,12.1,25.7,,11.5,,38.2,49.3,26.5,4.2,1.7,2.2
242,ASOTIN,530032013.0,201353003,2013,53003,7.4,28.8,5.2,7.8,,11.3,8.2,12.9,13.8,25.1,,14.1,0.6,37.6,46.4,22.5,4.8,2.4,3.1
243,BENTON,530052013.0,201353005,2013,53005,10.2,28.2,5.4,7.8,0.1,10.3,8.0,16.7,15.6,27.0,0.1,11.8,0.6,47.4,51.5,22.3,5.0,2.5,3.5
244,CHELAN,530072013.0,201353007,2013,53007,10.6,22.8,4.1,8.9,0.2,8.0,7.4,12.9,16.4,20.5,,9.5,0.7,34.6,44.1,18.6,4.6,3.4,3.1
245,CLALLAM,530092013.0,201353009,2013,53009,7.9,27.4,4.2,8.9,0.1,7.8,6.9,11.0,12.7,20.0,0.1,11.3,0.7,35.6,43.9,18.7,4.9,1.8,2.9
246,CLARK,530112013.0,201353011,2013,53011,8.7,20.5,5.2,7.4,0.2,8.3,5.9,14.8,15.8,22.8,0.2,12.5,1.0,33.1,42.5,18.8,4.7,3.4,2.7
247,COLUMBIA,530132013.0,201353013,2013,53013,9.3,25.9,5.5,8.0,,12.3,7.0,19.4,14.6,26.2,0.0,14.1,,38.1,47.8,24.5,3.5,3.6,2.6
248,COWLITZ,530152013.0,201353015,2013,53015,9.2,22.4,5.2,8.6,0.1,10.9,6.3,15.4,17.1,24.7,0.2,16.0,1.0,32.8,44.5,20.2,4.8,4.5,2.9
249,DOUGLAS,530172013.0,201353017,2013,53017,9.0,26.8,3.7,10.0,,9.0,8.6,14.2,18.3,23.3,,10.1,0.6,38.8,48.7,19.0,5.6,2.1,3.5
250,FERRY,530192013.0,201353019,2013,53019,4.1,20.8,4.2,6.4,,9.4,4.8,8.0,9.1,17.8,,8.8,,26.8,33.3,20.4,2.3,2.2,2.7
251,FRANKLIN,530212013.0,201353021,2013,53021,9.4,28.2,4.8,6.6,,9.5,7.0,17.3,13.9,29.9,,10.1,0.7,47.1,50.7,22.5,4.7,2.1,3.9
252,GARFIELD,530232013.0,201353023,2013,53023,6.5,25.8,4.0,6.0,,7.6,7.7,8.8,11.4,23.1,,13.8,,35.8,44.9,21.9,3.6,2.4,
253,GRANT,530252013.0,201353025,2013,53025,8.0,25.5,3.5,8.1,,9.7,6.7,14.0,13.9,27.5,0.1,11.6,0.5,40.6,48.8,20.6,3.5,2.2,2.6
254,GRAYS HARBOR,530272013.0,201353027,2013,53027,6.9,21.8,4.4,8.4,0.1,10.0,6.6,14.6,11.9,25.1,0.2,14.7,0.7,36.2,46.2,21.0,2.3,2.7,3.5
255,ISLAND,530292013.0,201353029,2013,53029,6.2,22.9,3.3,8.4,0.1,6.2,8.0,11.7,12.4,20.2,0.1,9.8,0.5,34.3,43.6,18.1,3.6,1.3,2.2
256,JEFFERSON,530312013.0,201353031,2013,53031,5.3,22.3,3.5,8.5,,6.0,7.8,10.5,12.1,16.4,,10.2,0.8,31.5,39.2,15.7,3.2,1.4,2.4
257,KING,530332013.0,201353033,2013,53033,9.9,21.9,3.6,7.9,0.1,6.5,7.2,14.5,14.0,19.9,0.5,10.6,1.1,32.3,42.5,18.8,4.7,3.7,2.9
258,KITSAP,530352013.0,201353035,2013,53035,7.7,21.2,4.5,7.8,0.1,8.5,7.1,13.9,13.9,21.4,0.2,12.7,0.8,36.0,44.3,17.2,4.1,2.4,2.9
259,KITTITAS,530372013.0,201353037,2013,53037,7.5,24.5,3.4,8.6,,7.1,7.7,9.7,11.6,20.8,,9.6,0.5,29.4,39.9,19.0,3.3,2.2,2.3
260,KLICKITAT,530392013.0,201353039,2013,53039,6.2,19.5,2.9,7.7,,8.1,7.1,9.1,12.3,21.2,,12.1,0.6,31.6,37.0,17.6,2.7,1.7,2.1
261,LEWIS,530412013.0,201353041,2013,53041,7.7,23.7,3.8,7.9,,9.8,6.9,14.0,14.3,22.8,,13.7,0.7,35.4,42.6,21.6,4.2,2.0,3.1
262,LINCOLN,530432013.0,201353043,2013,53043,6.7,28.4,3.4,8.1,0.0,8.1,7.2,10.1,12.2,22.9,,8.6,0.5,35.6,44.2,20.5,5.4,2.5,3.0
263,MASON,530452013.0,201353045,2013,53045,7.0,24.5,3.8,8.0,,8.8,7.0,11.2,11.8,21.6,0.1,11.9,0.7,32.2,40.8,20.3,3.3,1.3,2.6
264,OKANOGAN,530472013.0,201353047,2013,53047,5.5,19.3,3.2,7.4,,9.1,6.7,12.1,14.4,21.0,,9.0,0.6,35.5,41.1,18.0,3.0,1.7,2.5
265,PACIFIC,530492013.0,201353049,2013,53049,6.9,24.4,3.7,9.0,,10.6,6.8,10.2,13.3,25.5,,12.9,0.6,41.0,49.1,21.7,3.3,1.6,2.5
266,PEND OREILLE,530512013.0,201353051,2013,53051,4.6,23.2,2.7,5.7,,9.9,5.9,10.3,10.8,20.9,,8.5,0.5,31.1,36.1,17.7,3.5,2.1,2.2
267,PIERCE,530532013.0,201353053,2013,53053,8.1,23.5,4.4,7.3,0.1,9.4,7.0,16.0,14.1,22.9,0.2,13.1,0.9,36.1,45.5,19.6,5.0,3.2,2.9
268,SAN JUAN,530552013.0,201353055,2013,53055,7.3,18.8,2.3,9.1,,4.0,6.8,6.9,10.6,11.5,,8.4,0.3,26.5,31.3,15.7,2.4,1.4,2.4
269,SKAGIT,530572013.0,201353057,2013,53057,7.7,23.2,3.2,9.2,0.1,7.4,7.5,12.1,14.8,20.8,0.1,10.8,0.7,33.3,44.0,18.7,3.4,2.2,2.6
270,SKAMANIA,530592013.0,201353059,2013,53059,6.2,19.7,3.9,7.4,,7.1,4.8,10.4,16.5,19.5,,9.8,1.0,27.1,43.7,17.0,2.8,1.2,2.9
271,SNOHOMISH,530612013.0,201353061,2013,53061,8.3,21.7,4.1,8.0,0.1,7.6,7.0,15.9,14.9,21.4,0.2,10.8,0.9,31.7,40.8,18.6,3.6,3.2,3.1
272,SPOKANE,530632013.0,201353063,2013,53063,9.6,26.5,4.2,8.1,0.1,9.4,7.5,14.4,15.4,20.8,0.3,10.8,0.7,36.3,44.4,19.8,6.1,4.2,2.8
273,STEVENS,530652013.0,201353065,2013,53065,6.3,26.9,4.1,6.9,,9.9,6.7,10.7,11.3,21.2,,8.8,0.5,27.5,36.5,20.5,3.9,2.3,2.6
274,THURSTON,530672013.0,201353067,2013,53067,8.5,22.7,4.2,7.3,0.2,7.8,6.9,14.3,14.7,20.6,0.2,12.0,0.8,31.5,40.7,19.0,4.4,3.1,2.8
275,WAHKIAKUM,530692013.0,201353069,2013,53069,5.3,21.3,3.8,7.7,0.0,8.4,6.4,13.7,12.2,22.3,0.0,13.5,,32.3,43.9,19.5,4.0,1.2,
276,WALLA WALLA,530712013.0,201353071,2013,53071,11.0,26.9,5.3,9.0,,9.5,8.4,13.9,15.4,22.6,0.2,13.4,0.6,38.1,44.7,23.4,6.2,2.7,3.2
277,WHATCOM,530732013.0,201353073,2013,53073,8.5,22.5,3.9,8.8,0.1,7.3,7.1,12.1,15.3,21.5,0.3,11.4,1.4,33.0,41.8,19.5,4.7,3.4,2.6
278,WHITMAN,530752013.0,201353075,2013,53075,8.7,32.4,5.4,8.5,,9.7,6.9,12.9,10.9,23.6,,13.7,0.4,32.9,45.1,21.7,5.8,2.5,3.1
279,YAKIMA,530772013.0,201353077,2013,53077,8.7,24.3,4.8,6.7,0.1,9.1,7.1,14.6,16.3,27.2,0.1,12.4,0.8,40.6,49.2,22.7,4.3,3.1,3.1
280,STATE TOTAL,0.2014,2014,2014,.,8.4,23.3,4.2,7.9,0.1,8.1,7.0,14.6,14.8,21.7,0.3,11.2,0.9,34.0,43.0,19.1,4.5,3.0,2.9
281,ADAMS,530012014.0,201453001,2014,53001,8.9,25.2,4.0,7.5,,7.3,6.2,16.5,13.9,25.8,,11.0,,37.7,49.2,25.8,4.1,1.4,2.4
282,ASOTIN,530032014.0,201453003,2014,53003,6.7,29.1,5.8,7.7,,11.2,7.6,12.8,14.4,25.1,,14.6,0.6,36.2,47.0,23.0,4.0,2.6,2.5
283,BENTON,530052014.0,201453005,2014,53005,9.9,28.4,6.0,7.9,0.2,10.5,8.0,17.8,15.8,26.1,0.1,10.9,0.7,47.2,50.8,21.5,5.2,2.8,3.3
284,CHELAN,530072014.0,201453007,2014,53007,10.3,23.0,3.8,8.4,0.2,8.0,7.7,14.4,17.2,20.7,,9.5,0.6,33.5,43.6,18.1,4.5,3.2,3.3
285,CLALLAM,530092014.0,201453009,2014,53009,7.7,27.6,4.9,9.0,0.1,8.4,7.0,12.1,14.9,20.4,0.1,11.6,0.8,36.7,46.2,18.8,5.6,1.7,3.2
286,CLARK,530112014.0,201453011,2014,53011,8.7,20.5,5.0,7.4,0.2,8.2,5.9,14.5,16.6,22.4,0.2,12.2,1.1,30.0,40.7,18.5,4.5,3.5,2.8
287,COLUMBIA,530132014.0,201453013,2014,53013,9.8,23.8,4.9,8.1,,10.2,6.3,19.6,13.5,25.6,0.0,12.7,,39.9,46.1,22.8,4.0,3.8,2.2
288,COWLITZ,530152014.0,201453015,2014,53015,8.7,22.5,5.1,8.4,0.2,10.5,6.2,16.0,18.1,24.5,0.2,15.7,0.9,30.9,43.7,19.9,5.7,4.3,3.2
289,DOUGLAS,530172014.0,201453017,2014,53017,9.2,25.3,3.8,9.9,,9.0,8.9,15.7,17.6,23.0,,10.5,0.7,37.3,48.3,19.3,5.3,2.1,2.9
290,FERRY,530192014.0,201453019,2014,53019,4.1,22.2,3.8,6.6,0.0,9.4,5.2,8.6,10.0,17.6,,9.9,,25.2,32.9,19.8,3.7,1.6,2.8
291,FRANKLIN,530212014.0,201453021,2014,53021,8.9,28.6,4.8,6.4,,9.5,6.7,17.6,14.0,28.6,,9.7,0.7,47.0,50.0,22.3,4.8,1.9,3.6
292,GARFIELD,530232014.0,201453023,2014,53023,7.2,27.8,2.5,4.0,,6.3,8.8,9.8,9.8,22.2,,11.8,,26.5,35.0,20.0,3.3,2.3,3.0
293,GRANT,530252014.0,201453025,2014,53025,8.1,26.0,3.1,8.0,,10.1,6.7,15.8,14.0,28.1,0.1,11.9,0.5,38.9,49.4,20.7,3.1,2.2,2.6
294,GRAYS HARBOR,530272014.0,201453027,2014,53027,6.8,21.9,4.5,8.6,0.1,9.9,6.4,14.8,12.8,24.6,0.1,14.2,0.7,35.9,46.2,19.9,2.2,2.3,3.3
295,ISLAND,530292014.0,201453029,2014,53029,6.3,22.8,3.6,8.2,0.1,6.5,7.8,11.9,12.9,20.0,0.1,9.5,0.5,33.6,42.6,17.9,3.6,1.3,2.7
296,JEFFERSON,530312014.0,201453031,2014,53031,4.8,23.2,3.4,7.9,,6.3,7.6,10.7,13.2,16.0,,9.4,0.7,31.0,38.7,15.6,3.4,1.3,2.5
297,KING,530332014.0,201453033,2014,53033,9.5,21.9,3.8,7.9,0.1,6.3,7.1,14.9,14.1,19.6,0.5,10.3,1.1,31.6,41.3,18.5,4.6,3.5,2.9
298,KITSAP,530352014.0,201453035,2014,53035,7.3,21.0,4.6,8.0,0.1,8.3,7.1,13.7,14.6,21.2,0.2,11.7,0.8,35.2,43.3,17.0,4.3,2.4,2.9
299,KITTITAS,530372014.0,201453037,2014,53037,7.2,24.7,3.3,9.3,,7.5,6.9,10.4,13.1,20.4,,9.2,0.5,29.4,40.0,19.0,3.5,2.4,2.5
300,KLICKITAT,530392014.0,201453039,2014,53039,6.0,19.8,2.9,8.0,,8.2,7.0,9.7,12.4,20.8,,11.9,0.6,29.8,35.7,17.6,2.6,1.6,2.2
301,LEWIS,530412014.0,201453041,2014,53041,8.1,22.6,3.6,8.2,,9.4,6.5,14.6,15.3,23.0,,13.3,0.7,34.1,42.4,20.6,3.8,2.1,3.3
302,LINCOLN,530432014.0,201453043,2014,53043,6.4,26.6,3.3,7.0,,7.4,7.4,10.6,12.9,22.8,,7.9,0.6,32.8,42.8,19.8,5.2,2.3,2.7
303,MASON,530452014.0,201453045,2014,53045,7.2,25.4,3.9,7.9,,8.8,6.7,11.4,13.5,21.8,0.1,11.1,0.8,33.4,42.4,20.2,3.3,1.6,2.7
304,OKANOGAN,530472014.0,201453047,2014,53047,5.6,19.8,3.1,7.4,,9.2,6.9,12.9,13.5,21.3,,9.4,0.6,33.4,40.2,18.2,3.1,1.7,2.7
305,PACIFIC,530492014.0,201453049,2014,53049,6.5,23.9,3.2,8.9,,9.7,6.7,10.9,12.4,26.1,0.2,12.2,0.7,38.8,47.1,21.4,2.9,1.8,2.5
306,PEND OREILLE,530512014.0,201453051,2014,53051,4.6,23.3,2.9,5.7,,8.7,5.9,10.4,10.5,20.8,,8.6,0.6,28.0,35.3,17.6,3.5,2.1,2.1
307,PIERCE,530532014.0,201453053,2014,53053,7.9,23.8,4.5,7.5,0.2,9.1,7.0,16.5,14.8,22.6,0.2,12.4,1.0,36.3,44.7,19.5,5.1,3.1,3.0
308,SAN JUAN,530552014.0,201453055,2014,53055,6.8,18.8,2.2,8.2,,3.2,7.2,6.9,9.9,11.0,,7.7,0.3,25.5,29.8,14.9,2.6,1.1,2.5
309,SKAGIT,530572014.0,201453057,2014,53057,7.4,23.4,3.2,8.9,0.2,7.3,7.4,12.2,14.8,20.7,0.1,10.2,0.7,32.0,42.7,18.7,3.4,2.2,2.8
310,SKAMANIA,530592014.0,201453059,2014,53059,6.4,19.5,3.2,7.4,,8.3,5.8,10.3,14.8,18.0,,11.0,1.2,25.0,40.6,16.3,2.6,1.1,3.0
311,SNOHOMISH,530612014.0,201453061,2014,53061,8.0,21.4,4.1,8.0,0.1,7.3,6.8,16.5,15.1,21.4,0.2,10.6,1.0,30.9,40.4,18.3,3.6,3.1,3.1
312,SPOKANE,530632014.0,201453063,2014,53063,9.0,25.9,4.5,8.1,0.2,9.0,7.2,14.4,15.7,20.7,0.3,10.2,0.7,34.7,43.4,19.3,5.7,4.2,3.0
313,STEVENS,530652014.0,201453065,2014,53065,6.3,26.3,4.3,6.7,,10.1,6.6,11.0,11.3,20.7,,8.7,0.6,27.4,37.0,19.7,4.2,2.4,2.9
314,THURSTON,530672014.0,201453067,2014,53067,9.0,23.0,4.0,7.2,0.2,7.6,6.4,14.7,15.2,20.5,0.2,11.6,0.7,30.5,39.3,18.3,4.2,3.0,2.7
315,WAHKIAKUM,530692014.0,201453069,2014,53069,5.0,22.1,3.5,8.1,,10.6,6.4,15.1,13.9,22.5,0.0,15.0,,33.6,41.8,19.8,3.4,1.5,3.4
316,WALLA WALLA,530712014.0,201453071,2014,53071,10.8,25.8,4.6,9.6,0.1,8.9,8.3,15.1,16.5,22.5,0.2,13.3,0.6,37.8,44.5,22.8,6.3,2.9,3.3
317,WHATCOM,530732014.0,201453073,2014,53073,7.9,21.8,4.3,8.7,0.2,7.5,6.6,12.5,15.8,20.8,0.3,11.0,1.5,33.5,41.5,19.3,4.9,3.4,2.9
318,WHITMAN,530752014.0,201453075,2014,53075,8.4,31.7,5.4,7.9,,8.9,6.9,13.7,11.7,23.4,,12.4,0.4,30.9,42.9,21.3,5.2,2.6,3.0
319,YAKIMA,530772014.0,201453077,2014,53077,8.3,24.9,4.6,7.1,0.1,9.0,6.8,14.9,16.6,27.1,0.1,12.3,0.7,39.4,48.2,21.9,4.6,3.2,2.8
